{
  "name": "BhaashaBuddy Android Dev",
  "image": "mcr.microsoft.com/devcontainers/base:ubuntu-22.04",

  "features": {
    "ghcr.io/devcontainers/features/node:1": {
      "version": "20"
    },
    "ghcr.io/devcontainers/features/java:1": {
      "version": "17",
      "jdk": "ms"
    }
  },

  "onCreateCommand": "bash .devcontainer/setup.sh",

  "forwardPorts": [3000],

  "customizations": {
    "vscode": {
      "extensions": [
        "esbenp.prettier-vscode",
        "ritwickdey.LiveServer"
      ]
    }
  },

  "remoteEnv": {
    "ANDROID_HOME": "/opt/android-sdk",
    "ANDROID_SDK_ROOT": "/opt/android-sdk",
    "PATH": "${PATH}:/opt/android-sdk/cmdline-tools/latest/bin:/opt/android-sdk/platform-tools:/opt/android-sdk/build-tools/34.0.0"
  }
}
